# path_pattern	surface	expected_count	ztool_context_sha256	reason
# Generated by tools/check_visible_brand_boundary.py --write-allowlist.
# Every entry is a reviewed internal/historical compatibility exception, not a public brand approval.
.agents/skills/solidworks-ztool-testing/SKILL.md	content	25	aae8c062907b388a40c18430366d38d5d32e5ea867db62245a25ea0a31583d6d	reviewed internal legacy reference; changes require brand-boundary review
.github/workflows/client-src-addin.yml	content	13	634288db74e99aee19df94870ca83c8c3c75ee9e653c034820b920d063ca3fe4	automation/test code references legacy compatibility name
.github/workflows/client-src.yml	content	2	9623a01cf5026c446d37fe3ef5650190268b290c5cfba28f661ab69836be4785	automation/test code references legacy compatibility name
.github/workflows/compliance.yml	content	2	138d42fccbeb4dd241019f82da5616f11f18dab94214bddbe407ec18909ab992	automation/test code references legacy compatibility name
.github/workflows/release-acceptance.yml	content	2	9623a01cf5026c446d37fe3ef5650190268b290c5cfba28f661ab69836be4785	automation/test code references legacy compatibility name
.github/workflows/release-hardening.yml	content	2	138d42fccbeb4dd241019f82da5616f11f18dab94214bddbe407ec18909ab992	automation/test code references legacy compatibility name
AUDIT_REPORT_RU.md	content	20	a301f7139557ead20716039011dcd064d41f4803a961851c6d11b298f0bdb2df	reviewed internal legacy reference; changes require brand-boundary review
AUDIT_ru.md	content	24	c898d6ba78c219a26d089a412cc319965835cf79340bed2439bd31f35dccfa96	reviewed internal legacy reference; changes require brand-boundary review
Directory.Build.targets	content	2	23cfa54659991f5be2a1859826cce9ada0e0179d8b53f0b9685b67904d6c5946	reviewed internal legacy reference; changes require brand-boundary review
LICENSING_audit_ru.md	content	38	eed3ac8436aa9c3aa8f662d23328d42b5899de517fc87ca87d5b9fccdb720504	reviewed internal legacy reference; changes require brand-boundary review
LICENSING_migration_plan_ru.md	content	13	e59fab2d48916e6ffb8d66e5578d6e3a2a24d4ec015b6dd36e38d7087c530ace	reviewed internal legacy reference; changes require brand-boundary review
SolidWorksTemplates/template.asmprp	content	4	68239acd5059996edf24535f65f72a0327f02a16038628635591381613a3a52e	reviewed internal legacy reference; changes require brand-boundary review
SolidWorksTemplates/template.prtprp	content	5	7bccd6f9ad5327707850b35efe15332981463e6d67d7b035c7f2ead62b07b046	reviewed internal legacy reference; changes require brand-boundary review
client-core/README.md	content	64	a3086bcb0ccb9ce36a41fb5858c73b9d105f2589a2016f930527d42fc9ffc539	source compatibility / recovered legacy identity; visible strings remain separately gated
client-core/ZTool.Core.csproj	content	9	bf6a2a70e74837c8bd90df66b93c82f1532fd9ca5a42878d5a38d374f618d36f	source compatibility / recovered legacy identity; visible strings remain separately gated
client-core/ZTool.Core.csproj	path	1	-	internal compatibility path/resource identity; not user-facing by itself
client-core/build-inputs.json	content	2	5a1582bb3813a8fb9af3ad9aaa6deac6d68bcd6f7f2a7a92d076adf028177e80	source compatibility / recovered legacy identity; visible strings remain separately gated
client-core/build.ps1	content	13	ffda1d25b4aa8b89b7169971e0e24005b7480d11cdc021b9eb74edae0c67f2a7	source compatibility / recovered legacy identity; visible strings remain separately gated
client-core/ref/ZTool.public.dll	path	1	-	internal compatibility path/resource identity; not user-facing by itself
client-core/ref/ZTool_rsa.dll	path	1	-	internal compatibility path/resource identity; not user-facing by itself
client-core/src/GetRegistrycreatedtime.cs	content	1	8a01477ea08abf75ce441282ed48aed322a93b541456ed4d3b0efb178a2ca8fc	source compatibility / recovered legacy identity; visible strings remain separately gated
client-core/src/SR.cs	content	19	48b0a058fbe2f5704ab0fbf8da4bbf93e13f63de00aa4b1078b6616860c4dae2	source compatibility / recovered legacy identity; visible strings remain separately gated
client-core/src/SecurityCenter.cs	content	1	8a01477ea08abf75ce441282ed48aed322a93b541456ed4d3b0efb178a2ca8fc	source compatibility / recovered legacy identity; visible strings remain separately gated
client-core/src/TCPClient.cs	content	2	b08a5caf325d4a0c194ea5ef906582eb0d68360f5c9aaf02a9a0f3419d707839	source compatibility / recovered legacy identity; visible strings remain separately gated
client-core/tools/AddinBrandPatch/Program.cs	content	7	311e7e9ec2161868ab63ce1bdabc0046508caab620265e337039c3c929fb3e4b	source compatibility / recovered legacy identity; visible strings remain separately gated
client-core/tools/BinderInject/Program.cs	content	11	154e4c004d7fe747173de82b559c95be7b676059233ef82fdf7cf7e10054a783	source compatibility / recovered legacy identity; visible strings remain separately gated
client-core/tools/BinderInject/README.md	content	14	351312fea85ff44d8dd4b5af3c4df5e1811957b5ba8cda8e9624522c11210039	source compatibility / recovered legacy identity; visible strings remain separately gated
client-core/tools/BinderInject/donor/Donor.csproj	content	4	9fc1aaf3e1e95afc300b2db93691e5712e9e77f83fb49717a7f29dbdbf07c01e	source compatibility / recovered legacy identity; visible strings remain separately gated
client-core/tools/BinderInject/donor/SafeListBinder.cs	content	1	dfa5aa1759d0ba31a37d87fb55719cc5547803512c66fb7414fe6780ce1b4516	source compatibility / recovered legacy identity; visible strings remain separately gated
client-core/tools/BinderInject/donor/VTBinder.cs	content	4	0b08bcf758dab9bc62138d2e3b80dee63079220168ef7c108f9e2306b85f2c6e	source compatibility / recovered legacy identity; visible strings remain separately gated
client-core/tools/Deobfuscator/Program.cs	content	3	0eadbce035fc83fa391cf97304fcdbe0e9b8dfd6e6af0fdbd78ce5b26412f6a2	source compatibility / recovered legacy identity; visible strings remain separately gated
client-core/tools/Localizer/LocalizationMap.cs	content	1	9e129ddb9f555bedd535a69d2ee3b7d35f98016b62ce3f0d930de7407ef2c2a5	source compatibility / recovered legacy identity; visible strings remain separately gated
client-core/tools/Localizer/Program.cs	content	50	d0f64c5b168641792086d0f9e6801b02ef6c519bab93b91ea97aa9083413c1c8	source compatibility / recovered legacy identity; visible strings remain separately gated
client-core/tools/Localizer/translations.tsv	content	1	1dbb94d01864dd57701ce0d64fc53dbecc79a661da447387a854f6faf6b6ea55	source compatibility / recovered legacy identity; visible strings remain separately gated
client-core/tools/NullModalGuard/Program.cs	content	2	5a0907d5ff8b8782f1a2259831e1901eeb254ed35ac420e6fd6bda5a22b001c0	source compatibility / recovered legacy identity; visible strings remain separately gated
client-core/tools/PmpGuardPatch/Program.cs	content	1	9f686aa3b02ebc67589be83bb3c6a4d37ff4cbfddb31f71ca37dcb3b5051853f	source compatibility / recovered legacy identity; visible strings remain separately gated
client-core/tools/Reinjector/Program.cs	content	14	ae41b1b64fd9c1cb5f96d2ffdb06cde71982d3be84ebeffe8e8e61d42ff6776f	source compatibility / recovered legacy identity; visible strings remain separately gated
client-core/tools/RenameAssembly/Program.cs	content	6	23327b924c65185132d4fecee0006e9ca10a8c175be35fafb5331a82e52348a4	source compatibility / recovered legacy identity; visible strings remain separately gated
client-core/tools/check_bom_template.py	content	14	abf153d004e5d6f954d475828123d3a7e3ae249bff5e0b5ce48fe92e34f7ec42	source compatibility / recovered legacy identity; visible strings remain separately gated
client-core/tools/fix_filter_rules.py	content	5	b5f5ab8aece17e82cedb63bccaa13c927b56a8d40795a92944acc512b1d5d75d	source compatibility / recovered legacy identity; visible strings remain separately gated
client-core/tools/fix_template_format.py	content	5	cb2087bc58612f59af303d2bb5b419747658800741c1b932ce92c79c9e9849f7	source compatibility / recovered legacy identity; visible strings remain separately gated
client-core/tools/gen_dist_profile.ps1	content	9	52c048ea3f968424d7e6e918da6ff5d223e03ea4a3e7ba0acddb2c3623e05ca3	source compatibility / recovered legacy identity; visible strings remain separately gated
client-core/tools/localization_scan.py	content	3	827e7371867f69c1888fc510078e374de53320b423b1d3283da727247a1617d2	source compatibility / recovered legacy identity; visible strings remain separately gated
client-core/tools/make_bom_preview.py	content	1	d5b615430f9987657d3dfc110b0925befe481f58ccf657009230bf599d67357a	source compatibility / recovered legacy identity; visible strings remain separately gated
client-core/tools/run_all_bom_exports.ps1	content	4	432cf8d4fa342620c5c904ca0577dec477c13c0e43f9a8b616f1a82c44531362	source compatibility / recovered legacy identity; visible strings remain separately gated
client-core/tools/russify_bom_defined_names.py	content	1	2242cafff13ae9bd9b5152879b0e1caf71de9ca61263610749eb5790fd611c69	source compatibility / recovered legacy identity; visible strings remain separately gated
client-core/tools/russify_demo_properties.py	content	1	c02e51b5b4ec924c89f95f94242f161119b1713743b65b63875d6921ba52a5cc	source compatibility / recovered legacy identity; visible strings remain separately gated
client-core/tools/set_bom_template_path.ps1	content	9	cbb9f50ea39aa6270fa7955377ed5d52ee909fac7ed1d8ee750357bc2a2e785c	source compatibility / recovered legacy identity; visible strings remain separately gated
client-core/tools/validate_bom_exports.py	content	2	0b9da461b955c41c1602fff9b788e33e6f0eca13d47b9e0066324d8ee68dfa4e	source compatibility / recovered legacy identity; visible strings remain separately gated
client-src-addin/Type_16.cs	content	4	4bae7c01b1745619b10155a978f37a8cb3d4fbcb4764bd8f9dc6fa16172c8b1c	source compatibility / recovered legacy identity; visible strings remain separately gated
client-src-addin/Type_26.cs	content	1	22e22aed2d1996a8d5a92fa048530e214b325b74a44758d85bf52df531f997a6	source compatibility / recovered legacy identity; visible strings remain separately gated
client-src-addin/ZTool.AddinIcon.bmp	path	1	-	internal compatibility path/resource identity; not user-facing by itself
client-src-addin/ZTool.CustomFileBorser/FileBorser.cs	content	1	601ab11cb2b9d24d7c549532bc0bb8611bbbc97411de8efd5f66f43c771d9003	source compatibility / recovered legacy identity; visible strings remain separately gated
client-src-addin/ZTool.CustomFileBorser/FileBorser.cs	path	1	-	internal compatibility path/resource identity; not user-facing by itself
client-src-addin/ZTool.CustomFileBorser/FolderNameEditor.cs	content	1	601ab11cb2b9d24d7c549532bc0bb8611bbbc97411de8efd5f66f43c771d9003	source compatibility / recovered legacy identity; visible strings remain separately gated
client-src-addin/ZTool.CustomFileBorser/FolderNameEditor.cs	path	1	-	internal compatibility path/resource identity; not user-facing by itself
client-src-addin/ZTool.Frm_SN.resx	path	1	-	internal compatibility path/resource identity; not user-facing by itself
client-src-addin/ZTool.MainIconLarge_24.bmp	path	1	-	internal compatibility path/resource identity; not user-facing by itself
client-src-addin/ZTool.MainIconLarge_32.bmp	path	1	-	internal compatibility path/resource identity; not user-facing by itself
client-src-addin/ZTool.MainIconSmall_16.bmp	path	1	-	internal compatibility path/resource identity; not user-facing by itself
client-src-addin/ZTool.MyResources.resx	path	1	-	internal compatibility path/resource identity; not user-facing by itself
client-src-addin/ZTool.ReName.resx	path	1	-	internal compatibility path/resource identity; not user-facing by itself
client-src-addin/ZTool.SwAddin.csproj	content	35	5577efc683a34892b1fed8973bb7ffd58501d4b012d537970fcd856ee51062b7	source compatibility / recovered legacy identity; visible strings remain separately gated
client-src-addin/ZTool.SwAddin.csproj	path	1	-	internal compatibility path/resource identity; not user-facing by itself
client-src-addin/ZTool.ToolbarLarge_24.bmp	path	1	-	internal compatibility path/resource identity; not user-facing by itself
client-src-addin/ZTool.ToolbarLarge_32.bmp	path	1	-	internal compatibility path/resource identity; not user-facing by itself
client-src-addin/ZTool.ToolbarSmall_16.bmp	path	1	-	internal compatibility path/resource identity; not user-facing by itself
client-src-addin/ZTool.flyGroupicon_16.png	path	1	-	internal compatibility path/resource identity; not user-facing by itself
client-src-addin/ZTool.flyGroupicon_24.png	path	1	-	internal compatibility path/resource identity; not user-facing by itself
client-src-addin/ZTool.flyGroupicon_32.png	path	1	-	internal compatibility path/resource identity; not user-facing by itself
client-src-addin/ZTool.flyGroupiconlist_16.png	path	1	-	internal compatibility path/resource identity; not user-facing by itself
client-src-addin/ZTool.flyGroupiconlist_24.png	path	1	-	internal compatibility path/resource identity; not user-facing by itself
client-src-addin/ZTool.flyGroupiconlist_32.png	path	1	-	internal compatibility path/resource identity; not user-facing by itself
client-src-addin/ZTool.opened_folder_24.png	path	1	-	internal compatibility path/resource identity; not user-facing by itself
client-src-addin/ZTool.slddrw.png	path	1	-	internal compatibility path/resource identity; not user-facing by itself
client-src-addin/ZTool/AssemblyEventHandler.cs	content	1	8a01477ea08abf75ce441282ed48aed322a93b541456ed4d3b0efb178a2ca8fc	source compatibility / recovered legacy identity; visible strings remain separately gated
client-src-addin/ZTool/AssemblyEventHandler.cs	path	1	-	internal compatibility path/resource identity; not user-facing by itself
client-src-addin/ZTool/DocView.cs	content	1	8a01477ea08abf75ce441282ed48aed322a93b541456ed4d3b0efb178a2ca8fc	source compatibility / recovered legacy identity; visible strings remain separately gated
client-src-addin/ZTool/DocView.cs	path	1	-	internal compatibility path/resource identity; not user-facing by itself
client-src-addin/ZTool/DocumentEventHandler.cs	content	1	8a01477ea08abf75ce441282ed48aed322a93b541456ed4d3b0efb178a2ca8fc	source compatibility / recovered legacy identity; visible strings remain separately gated
client-src-addin/ZTool/DocumentEventHandler.cs	path	1	-	internal compatibility path/resource identity; not user-facing by itself
client-src-addin/ZTool/DrawingEventHandler.cs	content	1	8a01477ea08abf75ce441282ed48aed322a93b541456ed4d3b0efb178a2ca8fc	source compatibility / recovered legacy identity; visible strings remain separately gated
client-src-addin/ZTool/DrawingEventHandler.cs	path	1	-	internal compatibility path/resource identity; not user-facing by itself
client-src-addin/ZTool/Frm_SN.cs	content	1	8a01477ea08abf75ce441282ed48aed322a93b541456ed4d3b0efb178a2ca8fc	source compatibility / recovered legacy identity; visible strings remain separately gated
client-src-addin/ZTool/Frm_SN.cs	path	1	-	internal compatibility path/resource identity; not user-facing by itself
client-src-addin/ZTool/PMPHandler.cs	content	13	87f0f79b43f3dae2646859e724865bed341f1600ebe37a3b3801abf1d35ad6e8	source compatibility / recovered legacy identity; visible strings remain separately gated
client-src-addin/ZTool/PMPHandler.cs	path	1	-	internal compatibility path/resource identity; not user-facing by itself
client-src-addin/ZTool/PageHandler_RepairReference.cs	content	1	8a01477ea08abf75ce441282ed48aed322a93b541456ed4d3b0efb178a2ca8fc	source compatibility / recovered legacy identity; visible strings remain separately gated
client-src-addin/ZTool/PageHandler_RepairReference.cs	path	1	-	internal compatibility path/resource identity; not user-facing by itself
client-src-addin/ZTool/PageHandler_randomcolor.cs	content	1	8a01477ea08abf75ce441282ed48aed322a93b541456ed4d3b0efb178a2ca8fc	source compatibility / recovered legacy identity; visible strings remain separately gated
client-src-addin/ZTool/PageHandler_randomcolor.cs	path	1	-	internal compatibility path/resource identity; not user-facing by itself
client-src-addin/ZTool/Page_RepairReference.cs	content	1	8a01477ea08abf75ce441282ed48aed322a93b541456ed4d3b0efb178a2ca8fc	source compatibility / recovered legacy identity; visible strings remain separately gated
client-src-addin/ZTool/Page_RepairReference.cs	path	1	-	internal compatibility path/resource identity; not user-facing by itself
client-src-addin/ZTool/Page_randomcolor.cs	content	1	8a01477ea08abf75ce441282ed48aed322a93b541456ed4d3b0efb178a2ca8fc	source compatibility / recovered legacy identity; visible strings remain separately gated
client-src-addin/ZTool/Page_randomcolor.cs	path	1	-	internal compatibility path/resource identity; not user-facing by itself
client-src-addin/ZTool/PartEventHandler.cs	content	1	8a01477ea08abf75ce441282ed48aed322a93b541456ed4d3b0efb178a2ca8fc	source compatibility / recovered legacy identity; visible strings remain separately gated
client-src-addin/ZTool/PartEventHandler.cs	path	1	-	internal compatibility path/resource identity; not user-facing by itself
client-src-addin/ZTool/ReName.cs	content	2	25262678ab7559abd23368a5ab8f655f27963eb19fa9170768a0d34a24c894d5	source compatibility / recovered legacy identity; visible strings remain separately gated
client-src-addin/ZTool/ReName.cs	path	1	-	internal compatibility path/resource identity; not user-facing by itself
client-src-addin/ZTool/SplitConfig.cs	content	2	25262678ab7559abd23368a5ab8f655f27963eb19fa9170768a0d34a24c894d5	source compatibility / recovered legacy identity; visible strings remain separately gated
client-src-addin/ZTool/SplitConfig.cs	path	1	-	internal compatibility path/resource identity; not user-facing by itself
client-src-addin/ZTool/SwAddin.cs	content	21	0776b05be1189ecca8ebffbaf29c4a547b95df7c4abe79692912c02272e4c418	source compatibility / recovered legacy identity; visible strings remain separately gated
client-src-addin/ZTool/SwAddin.cs	path	1	-	internal compatibility path/resource identity; not user-facing by itself
client-src-addin/ZTool/TextBoxWaterMark.cs	content	1	8a01477ea08abf75ce441282ed48aed322a93b541456ed4d3b0efb178a2ca8fc	source compatibility / recovered legacy identity; visible strings remain separately gated
client-src-addin/ZTool/TextBoxWaterMark.cs	path	1	-	internal compatibility path/resource identity; not user-facing by itself
client-src-addin/ZTool/WindowWrapper.cs	content	1	8a01477ea08abf75ce441282ed48aed322a93b541456ed4d3b0efb178a2ca8fc	source compatibility / recovered legacy identity; visible strings remain separately gated
client-src-addin/ZTool/WindowWrapper.cs	path	1	-	internal compatibility path/resource identity; not user-facing by itself
client-src-addin/ZTool/customdoc.cs	content	1	8a01477ea08abf75ce441282ed48aed322a93b541456ed4d3b0efb178a2ca8fc	source compatibility / recovered legacy identity; visible strings remain separately gated
client-src-addin/ZTool/customdoc.cs	path	1	-	internal compatibility path/resource identity; not user-facing by itself
client-src-addin/ZTool/customsettings.cs	content	2	25262678ab7559abd23368a5ab8f655f27963eb19fa9170768a0d34a24c894d5	source compatibility / recovered legacy identity; visible strings remain separately gated
client-src-addin/ZTool/customsettings.cs	path	1	-	internal compatibility path/resource identity; not user-facing by itself
client-src-addin/ZTool/preview.cs	content	1	8a01477ea08abf75ce441282ed48aed322a93b541456ed4d3b0efb178a2ca8fc	source compatibility / recovered legacy identity; visible strings remain separately gated
client-src-addin/ZTool/preview.cs	path	1	-	internal compatibility path/resource identity; not user-facing by itself
client-src-addin/ZTool/settings.cs	content	1	8a01477ea08abf75ce441282ed48aed322a93b541456ed4d3b0efb178a2ca8fc	source compatibility / recovered legacy identity; visible strings remain separately gated
client-src-addin/ZTool/settings.cs	path	1	-	internal compatibility path/resource identity; not user-facing by itself
client-src/README.md	content	13	03dd1fc1c4f4c022647c9114acd3d5527db0cbfd0457e17189d87b1e5f1d60fc	source compatibility / recovered legacy identity; visible strings remain separately gated
client-src/ZTool.CheckUpdate.resx	path	1	-	internal compatibility path/resource identity; not user-facing by itself
client-src/ZTool.CustomFileBorser1/FileBorser.cs	content	1	0dfb8ff174135e3d5f8dd2c8213c0e29e12f80ec9b38d116bf39b43698303d6e	source compatibility / recovered legacy identity; visible strings remain separately gated
client-src/ZTool.CustomFileBorser1/FileBorser.cs	path	1	-	internal compatibility path/resource identity; not user-facing by itself
client-src/ZTool.CustomFileBorser1/FolderNameEditor.cs	content	1	0dfb8ff174135e3d5f8dd2c8213c0e29e12f80ec9b38d116bf39b43698303d6e	source compatibility / recovered legacy identity; visible strings remain separately gated
client-src/ZTool.CustomFileBorser1/FolderNameEditor.cs	path	1	-	internal compatibility path/resource identity; not user-facing by itself
client-src/ZTool.ExpandableGridView.dll	path	1	-	internal compatibility path/resource identity; not user-facing by itself
client-src/ZTool.FrmAbout.resx	path	1	-	internal compatibility path/resource identity; not user-facing by itself
client-src/ZTool.FrmFilling.resx	path	1	-	internal compatibility path/resource identity; not user-facing by itself
client-src/ZTool.FrmOptions.resx	content	2	5bf1a3b7019f6c531f57c9d0d0e4ec148072c2243697f0aab00d18fd32dd9483	source compatibility / recovered legacy identity; visible strings remain separately gated
client-src/ZTool.FrmOptions.resx	path	1	-	internal compatibility path/resource identity; not user-facing by itself
client-src/ZTool.FrmOutputlist.resx	path	1	-	internal compatibility path/resource identity; not user-facing by itself
client-src/ZTool.FrmPrintlist.resx	path	1	-	internal compatibility path/resource identity; not user-facing by itself
client-src/ZTool.FrmReplacePartslist.resx	path	1	-	internal compatibility path/resource identity; not user-facing by itself
client-src/ZTool.FrmSetDrwlist.resx	path	1	-	internal compatibility path/resource identity; not user-facing by itself
client-src/ZTool.FrmUpdatelog.resx	path	1	-	internal compatibility path/resource identity; not user-facing by itself
client-src/ZTool.Frmbom.resx	path	1	-	internal compatibility path/resource identity; not user-facing by itself
client-src/ZTool.Frmmain.resx	content	6	9eb67594385d537bbc5b9772189ffe91abdd9b4e28c02ad89a5c521e99c9d6f3	source compatibility / recovered legacy identity; visible strings remain separately gated
client-src/ZTool.Frmmain.resx	path	1	-	internal compatibility path/resource identity; not user-facing by itself
client-src/ZTool.Frmtips.resx	path	1	-	internal compatibility path/resource identity; not user-facing by itself
client-src/ZTool.ICSharpCode.SharpZipLib.dll	path	1	-	internal compatibility path/resource identity; not user-facing by itself
client-src/ZTool.JDK/DONGLE_INFO.cs	content	1	232922f540a5a85a4f2af80b6bf106094ccd892062965521b7da49314457e4e4	source compatibility / recovered legacy identity; visible strings remain separately gated
client-src/ZTool.JDK/DONGLE_INFO.cs	path	1	-	internal compatibility path/resource identity; not user-facing by itself
client-src/ZTool.JDK/JDKEY_DEFINE.cs	content	1	232922f540a5a85a4f2af80b6bf106094ccd892062965521b7da49314457e4e4	source compatibility / recovered legacy identity; visible strings remain separately gated
client-src/ZTool.JDK/JDKEY_DEFINE.cs	path	1	-	internal compatibility path/resource identity; not user-facing by itself
client-src/ZTool.JDK/Prog1.cs	content	2	ff69585c3c67e6222e5e620dbe2cf80fa1ffc2a901605b9516873f9a7be8adcc	source compatibility / recovered legacy identity; visible strings remain separately gated
client-src/ZTool.JDK/Prog1.cs	path	1	-	internal compatibility path/resource identity; not user-facing by itself
client-src/ZTool.JDK/Prog2.cs	content	2	ff69585c3c67e6222e5e620dbe2cf80fa1ffc2a901605b9516873f9a7be8adcc	source compatibility / recovered legacy identity; visible strings remain separately gated
client-src/ZTool.JDK/Prog2.cs	path	1	-	internal compatibility path/resource identity; not user-facing by itself
client-src/ZTool.JDK/checkdebug.cs	content	1	232922f540a5a85a4f2af80b6bf106094ccd892062965521b7da49314457e4e4	source compatibility / recovered legacy identity; visible strings remain separately gated
client-src/ZTool.JDK/checkdebug.cs	path	1	-	internal compatibility path/resource identity; not user-facing by itself
client-src/ZTool.JDK/checklic.cs	content	1	232922f540a5a85a4f2af80b6bf106094ccd892062965521b7da49314457e4e4	source compatibility / recovered legacy identity; visible strings remain separately gated
client-src/ZTool.JDK/checklic.cs	path	1	-	internal compatibility path/resource identity; not user-facing by itself
client-src/ZTool.My.Resources/Resources.cs	content	3	98c599458f58a41f5bb39ace55e0431d18d10f942709a9e6884c2bf31c23ea2b	source compatibility / recovered legacy identity; visible strings remain separately gated
client-src/ZTool.My.Resources/Resources.cs	path	1	-	internal compatibility path/resource identity; not user-facing by itself
client-src/ZTool.My/MyApplication.cs	content	1	be4319e310a62236143efab4231c3fe3777dce686ea4416b42fa6456f1ae116a	source compatibility / recovered legacy identity; visible strings remain separately gated
client-src/ZTool.My/MyApplication.cs	path	1	-	internal compatibility path/resource identity; not user-facing by itself
client-src/ZTool.My/MyComputer.cs	content	1	be4319e310a62236143efab4231c3fe3777dce686ea4416b42fa6456f1ae116a	source compatibility / recovered legacy identity; visible strings remain separately gated
client-src/ZTool.My/MyComputer.cs	path	1	-	internal compatibility path/resource identity; not user-facing by itself
client-src/ZTool.My/MyProject.cs	content	1	be4319e310a62236143efab4231c3fe3777dce686ea4416b42fa6456f1ae116a	source compatibility / recovered legacy identity; visible strings remain separately gated
client-src/ZTool.My/MyProject.cs	path	1	-	internal compatibility path/resource identity; not user-facing by itself
client-src/ZTool.PhysicalDrive2/HardDisk.cs	content	1	4b2067c6e5207d123abaa14499eb81b84b2cd383a62f9409100d9f2fb589eab2	source compatibility / recovered legacy identity; visible strings remain separately gated
client-src/ZTool.PhysicalDrive2/HardDisk.cs	path	1	-	internal compatibility path/resource identity; not user-facing by itself
client-src/ZTool.PhysicalDrive2/STORAGE_DEVICE_DESCRIPTOR.cs	content	1	4b2067c6e5207d123abaa14499eb81b84b2cd383a62f9409100d9f2fb589eab2	source compatibility / recovered legacy identity; visible strings remain separately gated
client-src/ZTool.PhysicalDrive2/STORAGE_DEVICE_DESCRIPTOR.cs	path	1	-	internal compatibility path/resource identity; not user-facing by itself
client-src/ZTool.PhysicalDrive2/STORAGE_PROPERTY_QUERY.cs	content	1	4b2067c6e5207d123abaa14499eb81b84b2cd383a62f9409100d9f2fb589eab2	source compatibility / recovered legacy identity; visible strings remain separately gated
client-src/ZTool.PhysicalDrive2/STORAGE_PROPERTY_QUERY.cs	path	1	-	internal compatibility path/resource identity; not user-facing by itself
client-src/ZTool.Resources.resx	path	1	-	internal compatibility path/resource identity; not user-facing by itself
client-src/ZTool.Ribbon.dll	path	1	-	internal compatibility path/resource identity; not user-facing by itself
client-src/ZTool.RibbonMarkup.ribbon	path	1	-	internal compatibility path/resource identity; not user-facing by itself
client-src/ZTool.ZTool_rsa.dll	path	2	-	internal compatibility path/resource identity; not user-facing by itself
client-src/ZTool.csproj	content	25	f602ff80b82c9f778c025a34410b6677a5cb87fceba8a389bada3d4d05ecacc3	source compatibility / recovered legacy identity; visible strings remain separately gated
client-src/ZTool.csproj	path	1	-	internal compatibility path/resource identity; not user-facing by itself
client-src/ZTool.toolbox.resx	path	1	-	internal compatibility path/resource identity; not user-facing by itself
client-src/ZTool.zxing.dll	path	1	-	internal compatibility path/resource identity; not user-facing by itself
client-src/ZTool/CConfigDO.cs	content	1	8a01477ea08abf75ce441282ed48aed322a93b541456ed4d3b0efb178a2ca8fc	source compatibility / recovered legacy identity; visible strings remain separately gated
client-src/ZTool/CConfigDO.cs	path	1	-	internal compatibility path/resource identity; not user-facing by itself
client-src/ZTool/CConfigMng.cs	content	1	8a01477ea08abf75ce441282ed48aed322a93b541456ed4d3b0efb178a2ca8fc	source compatibility / recovered legacy identity; visible strings remain separately gated
client-src/ZTool/CConfigMng.cs	path	1	-	internal compatibility path/resource identity; not user-facing by itself
client-src/ZTool/CT.cs	content	1	8a01477ea08abf75ce441282ed48aed322a93b541456ed4d3b0efb178a2ca8fc	source compatibility / recovered legacy identity; visible strings remain separately gated
client-src/ZTool/CT.cs	path	1	-	internal compatibility path/resource identity; not user-facing by itself
client-src/ZTool/CheckUpdate.cs	content	4	4a8ff807b5316bf58d5144372fda41f21b175acbe53c71e9251f0dfb6bf8dd77	source compatibility / recovered legacy identity; visible strings remain separately gated
client-src/ZTool/CheckUpdate.cs	path	1	-	internal compatibility path/resource identity; not user-facing by itself
client-src/ZTool/ColumnInfo.cs	content	1	8a01477ea08abf75ce441282ed48aed322a93b541456ed4d3b0efb178a2ca8fc	source compatibility / recovered legacy identity; visible strings remain separately gated
client-src/ZTool/ColumnInfo.cs	path	1	-	internal compatibility path/resource identity; not user-facing by itself
client-src/ZTool/ControlExtensions.cs	content	1	8a01477ea08abf75ce441282ed48aed322a93b541456ed4d3b0efb178a2ca8fc	source compatibility / recovered legacy identity; visible strings remain separately gated
client-src/ZTool/ControlExtensions.cs	path	1	-	internal compatibility path/resource identity; not user-facing by itself
client-src/ZTool/CustomComboBox1.cs	content	1	8a01477ea08abf75ce441282ed48aed322a93b541456ed4d3b0efb178a2ca8fc	source compatibility / recovered legacy identity; visible strings remain separately gated
client-src/ZTool/CustomComboBox1.cs	path	1	-	internal compatibility path/resource identity; not user-facing by itself
client-src/ZTool/CustomComboBox2.cs	content	1	8a01477ea08abf75ce441282ed48aed322a93b541456ed4d3b0efb178a2ca8fc	source compatibility / recovered legacy identity; visible strings remain separately gated
client-src/ZTool/CustomComboBox2.cs	path	1	-	internal compatibility path/resource identity; not user-facing by itself
client-src/ZTool/CustomComparer.cs	content	1	8a01477ea08abf75ce441282ed48aed322a93b541456ed4d3b0efb178a2ca8fc	source compatibility / recovered legacy identity; visible strings remain separately gated
client-src/ZTool/CustomComparer.cs	path	1	-	internal compatibility path/resource identity; not user-facing by itself
client-src/ZTool/CustomFilter.cs	content	2	0773078816879dbcb4558606cdc2ed2e3904f74d3656492f84916155c25995ed	source compatibility / recovered legacy identity; visible strings remain separately gated
client-src/ZTool/CustomFilter.cs	path	1	-	internal compatibility path/resource identity; not user-facing by itself
client-src/ZTool/CustomRule.cs	content	1	8a01477ea08abf75ce441282ed48aed322a93b541456ed4d3b0efb178a2ca8fc	source compatibility / recovered legacy identity; visible strings remain separately gated
client-src/ZTool/CustomRule.cs	path	1	-	internal compatibility path/resource identity; not user-facing by itself
client-src/ZTool/Customcheckedlistbox.cs	content	1	8a01477ea08abf75ce441282ed48aed322a93b541456ed4d3b0efb178a2ca8fc	source compatibility / recovered legacy identity; visible strings remain separately gated
client-src/ZTool/Customcheckedlistbox.cs	path	1	-	internal compatibility path/resource identity; not user-facing by itself
client-src/ZTool/DGVPrinter.cs	content	1	8a01477ea08abf75ce441282ed48aed322a93b541456ed4d3b0efb178a2ca8fc	source compatibility / recovered legacy identity; visible strings remain separately gated
client-src/ZTool/DGVPrinter.cs	path	1	-	internal compatibility path/resource identity; not user-facing by itself
client-src/ZTool/DataGridViewEX.cs	content	1	8a01477ea08abf75ce441282ed48aed322a93b541456ed4d3b0efb178a2ca8fc	source compatibility / recovered legacy identity; visible strings remain separately gated
client-src/ZTool/DataGridViewEX.cs	path	1	-	internal compatibility path/resource identity; not user-facing by itself
client-src/ZTool/DataGridViewRowComparer.cs	content	1	8a01477ea08abf75ce441282ed48aed322a93b541456ed4d3b0efb178a2ca8fc	source compatibility / recovered legacy identity; visible strings remain separately gated
client-src/ZTool/DataGridViewRowComparer.cs	path	1	-	internal compatibility path/resource identity; not user-facing by itself
client-src/ZTool/DataGridViewWithCheckBox.cs	content	1	8a01477ea08abf75ce441282ed48aed322a93b541456ed4d3b0efb178a2ca8fc	source compatibility / recovered legacy identity; visible strings remain separately gated
client-src/ZTool/DataGridViewWithCheckBox.cs	path	1	-	internal compatibility path/resource identity; not user-facing by itself
client-src/ZTool/FrmAbout.cs	content	6	7f64dc5828092d973430bb2a20fbda0af134660443a714fc3e5c87aaf73a98c9	source compatibility / recovered legacy identity; visible strings remain separately gated
client-src/ZTool/FrmAbout.cs	path	1	-	internal compatibility path/resource identity; not user-facing by itself
client-src/ZTool/FrmAsk.cs	content	1	8a01477ea08abf75ce441282ed48aed322a93b541456ed4d3b0efb178a2ca8fc	source compatibility / recovered legacy identity; visible strings remain separately gated
client-src/ZTool/FrmAsk.cs	path	1	-	internal compatibility path/resource identity; not user-facing by itself
client-src/ZTool/FrmCopy.cs	content	2	0773078816879dbcb4558606cdc2ed2e3904f74d3656492f84916155c25995ed	source compatibility / recovered legacy identity; visible strings remain separately gated
client-src/ZTool/FrmCopy.cs	path	1	-	internal compatibility path/resource identity; not user-facing by itself
client-src/ZTool/FrmFileList.cs	content	10	e2a83c12cacac3667d536475220cb615bd725d68167c0daff11bd198db277e61	source compatibility / recovered legacy identity; visible strings remain separately gated
client-src/ZTool/FrmFileList.cs	path	1	-	internal compatibility path/resource identity; not user-facing by itself
client-src/ZTool/FrmFilling.cs	content	4	53b5bd2df13a309b84c701870cc19a072c546d7460dec666574d5fc57f4f1f58	source compatibility / recovered legacy identity; visible strings remain separately gated
client-src/ZTool/FrmFilling.cs	path	1	-	internal compatibility path/resource identity; not user-facing by itself
client-src/ZTool/FrmFilterrules.cs	content	2	0773078816879dbcb4558606cdc2ed2e3904f74d3656492f84916155c25995ed	source compatibility / recovered legacy identity; visible strings remain separately gated
client-src/ZTool/FrmFilterrules.cs	path	1	-	internal compatibility path/resource identity; not user-facing by itself
client-src/ZTool/FrmOptions.cs	content	4	63ff4dee7507ffdfa0ca6900478dceb89d0e7eebd5b7d046b13775639904b907	source compatibility / recovered legacy identity; visible strings remain separately gated
client-src/ZTool/FrmOptions.cs	path	1	-	internal compatibility path/resource identity; not user-facing by itself
client-src/ZTool/FrmOutputlist.cs	content	34	89bf104f2f40bbd83f041596fe80ca5af8f4b039c04c988526d62c7279b4d89e	source compatibility / recovered legacy identity; visible strings remain separately gated
client-src/ZTool/FrmOutputlist.cs	path	1	-	internal compatibility path/resource identity; not user-facing by itself
client-src/ZTool/FrmOutputoptions.cs	content	3	dc7bf7cbbddce1871c615734b4203c6c1542fdba989c7f81d26391f7a66bf8d4	source compatibility / recovered legacy identity; visible strings remain separately gated
client-src/ZTool/FrmOutputoptions.cs	path	1	-	internal compatibility path/resource identity; not user-facing by itself
client-src/ZTool/FrmPreview.cs	content	6	55a5eae5efc9913f2afacb1e7cad3f24c8d6fd368e3c07528016be1682b9137d	source compatibility / recovered legacy identity; visible strings remain separately gated
client-src/ZTool/FrmPreview.cs	path	1	-	internal compatibility path/resource identity; not user-facing by itself
client-src/ZTool/FrmPrintlist.cs	content	26	71e026932cb81e1ed10267c1edd7e66c6e74768f68dd9fa9927642386af6bfea	source compatibility / recovered legacy identity; visible strings remain separately gated
client-src/ZTool/FrmPrintlist.cs	path	1	-	internal compatibility path/resource identity; not user-facing by itself
client-src/ZTool/FrmPrintoptions.cs	content	3	dc7bf7cbbddce1871c615734b4203c6c1542fdba989c7f81d26391f7a66bf8d4	source compatibility / recovered legacy identity; visible strings remain separately gated
client-src/ZTool/FrmPrintoptions.cs	path	1	-	internal compatibility path/resource identity; not user-facing by itself
client-src/ZTool/FrmRename.cs	content	2	0773078816879dbcb4558606cdc2ed2e3904f74d3656492f84916155c25995ed	source compatibility / recovered legacy identity; visible strings remain separately gated
client-src/ZTool/FrmRename.cs	path	1	-	internal compatibility path/resource identity; not user-facing by itself
client-src/ZTool/FrmReplace.cs	content	2	0773078816879dbcb4558606cdc2ed2e3904f74d3656492f84916155c25995ed	source compatibility / recovered legacy identity; visible strings remain separately gated
client-src/ZTool/FrmReplace.cs	path	1	-	internal compatibility path/resource identity; not user-facing by itself
client-src/ZTool/FrmReplacePartslist.cs	content	13	aee930e11a08c49dcc61d27fed2e2d8bc6f8c5924d73fe029a6bcb005e47780e	source compatibility / recovered legacy identity; visible strings remain separately gated
client-src/ZTool/FrmReplacePartslist.cs	path	1	-	internal compatibility path/resource identity; not user-facing by itself
client-src/ZTool/FrmRg.cs	content	2	b08a5caf325d4a0c194ea5ef906582eb0d68360f5c9aaf02a9a0f3419d707839	source compatibility / recovered legacy identity; visible strings remain separately gated
client-src/ZTool/FrmRg.cs	path	1	-	internal compatibility path/resource identity; not user-facing by itself
client-src/ZTool/FrmRverify.cs	content	3	2568a8386852e57fcd4bf6a2ee80db0b51e8a2672c49e147f28867998f4da123	source compatibility / recovered legacy identity; visible strings remain separately gated
client-src/ZTool/FrmRverify.cs	path	1	-	internal compatibility path/resource identity; not user-facing by itself
client-src/ZTool/FrmSWUnit.cs	content	1	8a01477ea08abf75ce441282ed48aed322a93b541456ed4d3b0efb178a2ca8fc	source compatibility / recovered legacy identity; visible strings remain separately gated
client-src/ZTool/FrmSWUnit.cs	path	1	-	internal compatibility path/resource identity; not user-facing by itself
client-src/ZTool/FrmSaveOption.cs	content	3	dc7bf7cbbddce1871c615734b4203c6c1542fdba989c7f81d26391f7a66bf8d4	source compatibility / recovered legacy identity; visible strings remain separately gated
client-src/ZTool/FrmSaveOption.cs	path	1	-	internal compatibility path/resource identity; not user-facing by itself
client-src/ZTool/FrmSelType.cs	content	1	8a01477ea08abf75ce441282ed48aed322a93b541456ed4d3b0efb178a2ca8fc	source compatibility / recovered legacy identity; visible strings remain separately gated
client-src/ZTool/FrmSelType.cs	path	1	-	internal compatibility path/resource identity; not user-facing by itself
client-src/ZTool/FrmSelType2.cs	content	1	8a01477ea08abf75ce441282ed48aed322a93b541456ed4d3b0efb178a2ca8fc	source compatibility / recovered legacy identity; visible strings remain separately gated
client-src/ZTool/FrmSelType2.cs	path	1	-	internal compatibility path/resource identity; not user-facing by itself
client-src/ZTool/FrmSetDrwOption.cs	content	3	dc7bf7cbbddce1871c615734b4203c6c1542fdba989c7f81d26391f7a66bf8d4	source compatibility / recovered legacy identity; visible strings remain separately gated
client-src/ZTool/FrmSetDrwOption.cs	path	1	-	internal compatibility path/resource identity; not user-facing by itself
client-src/ZTool/FrmSetDrwlist.cs	content	33	f9e8c8b60addf75eaa4cb5f5e9853a5a43a5ff7e1f1f3ee8195ed11d0ea8a38b	source compatibility / recovered legacy identity; visible strings remain separately gated
client-src/ZTool/FrmSetDrwlist.cs	path	1	-	internal compatibility path/resource identity; not user-facing by itself
client-src/ZTool/FrmSetNewFolder.cs	content	3	dc7bf7cbbddce1871c615734b4203c6c1542fdba989c7f81d26391f7a66bf8d4	source compatibility / recovered legacy identity; visible strings remain separately gated
client-src/ZTool/FrmSetNewFolder.cs	path	1	-	internal compatibility path/resource identity; not user-facing by itself
client-src/ZTool/FrmSplitcloumn.cs	content	3	213e956cd4fca8e5bf71e0b14d5eff301d972ee508b634aaafd529dbeae5eed1	source compatibility / recovered legacy identity; visible strings remain separately gated
client-src/ZTool/FrmSplitcloumn.cs	path	1	-	internal compatibility path/resource identity; not user-facing by itself
client-src/ZTool/FrmSuffixes.cs	content	2	0773078816879dbcb4558606cdc2ed2e3904f74d3656492f84916155c25995ed	source compatibility / recovered legacy identity; visible strings remain separately gated
client-src/ZTool/FrmSuffixes.cs	path	1	-	internal compatibility path/resource identity; not user-facing by itself
client-src/ZTool/FrmSyncDrwName.cs	content	21	e006dc58a91a1271fa71eeb6a99b9d11415ab82564e41b305d3e259f6f2a07ee	source compatibility / recovered legacy identity; visible strings remain separately gated
client-src/ZTool/FrmSyncDrwName.cs	path	1	-	internal compatibility path/resource identity; not user-facing by itself
client-src/ZTool/FrmUpdatelog.cs	content	3	b4b85c6ff54239c536e855d909c96114b8a46915f49317ec2df06957c0cfe90d	source compatibility / recovered legacy identity; visible strings remain separately gated
client-src/ZTool/FrmUpdatelog.cs	path	1	-	internal compatibility path/resource identity; not user-facing by itself
client-src/ZTool/Frmbom.cs	content	8	966cca9441aa79fc77932221bf932d0a12b5bbf9a47b8a5f54e85e7987e88f16	source compatibility / recovered legacy identity; visible strings remain separately gated
client-src/ZTool/Frmbom.cs	path	1	-	internal compatibility path/resource identity; not user-facing by itself
client-src/ZTool/Frmbomset.cs	content	3	dc7bf7cbbddce1871c615734b4203c6c1542fdba989c7f81d26391f7a66bf8d4	source compatibility / recovered legacy identity; visible strings remain separately gated
client-src/ZTool/Frmbomset.cs	path	1	-	internal compatibility path/resource identity; not user-facing by itself
client-src/ZTool/Frmcompare.cs	content	5	e27f60fe0b1bb2791497a2be8db4008fa515919ffb5a87d07382fd9e563fd179	source compatibility / recovered legacy identity; visible strings remain separately gated
client-src/ZTool/Frmcompare.cs	path	1	-	internal compatibility path/resource identity; not user-facing by itself
client-src/ZTool/Frmcustomsort.cs	content	2	0773078816879dbcb4558606cdc2ed2e3904f74d3656492f84916155c25995ed	source compatibility / recovered legacy identity; visible strings remain separately gated
client-src/ZTool/Frmcustomsort.cs	path	1	-	internal compatibility path/resource identity; not user-facing by itself
client-src/ZTool/Frmexchangecol.cs	content	2	0773078816879dbcb4558606cdc2ed2e3904f74d3656492f84916155c25995ed	source compatibility / recovered legacy identity; visible strings remain separately gated
client-src/ZTool/Frmexchangecol.cs	path	1	-	internal compatibility path/resource identity; not user-facing by itself
client-src/ZTool/Frmexportbom.cs	content	5	2139acbb9842733114f0224fc87a741ac9188f2d6f0944a4c303bdf9585066ca	source compatibility / recovered legacy identity; visible strings remain separately gated
client-src/ZTool/Frmexportbom.cs	path	1	-	internal compatibility path/resource identity; not user-facing by itself
client-src/ZTool/Frmmain.cs	content	18	c6e68ea5185c4dfc0b76759e7384c3d5323689d354a5dcc38d304cbb69a05623	source compatibility / recovered legacy identity; visible strings remain separately gated
client-src/ZTool/Frmmain.cs	path	1	-	internal compatibility path/resource identity; not user-facing by itself
client-src/ZTool/Frmmapping.cs	content	2	0773078816879dbcb4558606cdc2ed2e3904f74d3656492f84916155c25995ed	source compatibility / recovered legacy identity; visible strings remain separately gated
client-src/ZTool/Frmmapping.cs	path	1	-	internal compatibility path/resource identity; not user-facing by itself
client-src/ZTool/Frmmerge_split_pdf.cs	content	17	5ddcb942f01759cefdbdff212eea8b3b208f0a4ffa78dc9381ef466a3d4ed7ee	source compatibility / recovered legacy identity; visible strings remain separately gated
client-src/ZTool/Frmmerge_split_pdf.cs	path	1	-	internal compatibility path/resource identity; not user-facing by itself
client-src/ZTool/Frmsetpropname.cs	content	2	0773078816879dbcb4558606cdc2ed2e3904f74d3656492f84916155c25995ed	source compatibility / recovered legacy identity; visible strings remain separately gated
client-src/ZTool/Frmsetpropname.cs	path	1	-	internal compatibility path/resource identity; not user-facing by itself
client-src/ZTool/Frmsymbol.cs	content	2	0773078816879dbcb4558606cdc2ed2e3904f74d3656492f84916155c25995ed	source compatibility / recovered legacy identity; visible strings remain separately gated
client-src/ZTool/Frmsymbol.cs	path	1	-	internal compatibility path/resource identity; not user-facing by itself
client-src/ZTool/Frmtips.cs	content	10	ba7aceb3587122169be0f9851849fd73392781adfe795948a46a376bd6acd67f	source compatibility / recovered legacy identity; visible strings remain separately gated
client-src/ZTool/Frmtips.cs	path	1	-	internal compatibility path/resource identity; not user-facing by itself
client-src/ZTool/GetRegistrycreatedtime.cs	content	1	8a01477ea08abf75ce441282ed48aed322a93b541456ed4d3b0efb178a2ca8fc	source compatibility / recovered legacy identity; visible strings remain separately gated
client-src/ZTool/GetRegistrycreatedtime.cs	path	1	-	internal compatibility path/resource identity; not user-facing by itself
client-src/ZTool/ImageHelper.cs	content	1	8a01477ea08abf75ce441282ed48aed322a93b541456ed4d3b0efb178a2ca8fc	source compatibility / recovered legacy identity; visible strings remain separately gated
client-src/ZTool/ImageHelper.cs	path	1	-	internal compatibility path/resource identity; not user-facing by itself
client-src/ZTool/ListViewItem.cs	content	1	8a01477ea08abf75ce441282ed48aed322a93b541456ed4d3b0efb178a2ca8fc	source compatibility / recovered legacy identity; visible strings remain separately gated
client-src/ZTool/ListViewItem.cs	path	1	-	internal compatibility path/resource identity; not user-facing by itself
client-src/ZTool/ListViewNF.cs	content	1	8a01477ea08abf75ce441282ed48aed322a93b541456ed4d3b0efb178a2ca8fc	source compatibility / recovered legacy identity; visible strings remain separately gated
client-src/ZTool/ListViewNF.cs	path	1	-	internal compatibility path/resource identity; not user-facing by itself
client-src/ZTool/ListViewVR.cs	content	1	8a01477ea08abf75ce441282ed48aed322a93b541456ed4d3b0efb178a2ca8fc	source compatibility / recovered legacy identity; visible strings remain separately gated
client-src/ZTool/ListViewVR.cs	path	1	-	internal compatibility path/resource identity; not user-facing by itself
client-src/ZTool/M_FindWindow.cs	content	1	8a01477ea08abf75ce441282ed48aed322a93b541456ed4d3b0efb178a2ca8fc	source compatibility / recovered legacy identity; visible strings remain separately gated
client-src/ZTool/M_FindWindow.cs	path	1	-	internal compatibility path/resource identity; not user-facing by itself
client-src/ZTool/MacAddress.cs	content	1	8a01477ea08abf75ce441282ed48aed322a93b541456ed4d3b0efb178a2ca8fc	source compatibility / recovered legacy identity; visible strings remain separately gated
client-src/ZTool/MacAddress.cs	path	1	-	internal compatibility path/resource identity; not user-facing by itself
client-src/ZTool/MessageBoxEX.cs	content	1	8a01477ea08abf75ce441282ed48aed322a93b541456ed4d3b0efb178a2ca8fc	source compatibility / recovered legacy identity; visible strings remain separately gated
client-src/ZTool/MessageBoxEX.cs	path	1	-	internal compatibility path/resource identity; not user-facing by itself
client-src/ZTool/MultiSelectTreeView.cs	content	1	8a01477ea08abf75ce441282ed48aed322a93b541456ed4d3b0efb178a2ca8fc	source compatibility / recovered legacy identity; visible strings remain separately gated
client-src/ZTool/MultiSelectTreeView.cs	path	1	-	internal compatibility path/resource identity; not user-facing by itself
client-src/ZTool/MySWDM.cs	content	3	dc7bf7cbbddce1871c615734b4203c6c1542fdba989c7f81d26391f7a66bf8d4	source compatibility / recovered legacy identity; visible strings remain separately gated
client-src/ZTool/MySWDM.cs	path	1	-	internal compatibility path/resource identity; not user-facing by itself
client-src/ZTool/MyShellLink.cs	content	1	8a01477ea08abf75ce441282ed48aed322a93b541456ed4d3b0efb178a2ca8fc	source compatibility / recovered legacy identity; visible strings remain separately gated
client-src/ZTool/MyShellLink.cs	path	1	-	internal compatibility path/resource identity; not user-facing by itself
client-src/ZTool/MyapplicationContext.cs	content	2	0773078816879dbcb4558606cdc2ed2e3904f74d3656492f84916155c25995ed	source compatibility / recovered legacy identity; visible strings remain separately gated
client-src/ZTool/MyapplicationContext.cs	path	1	-	internal compatibility path/resource identity; not user-facing by itself
client-src/ZTool/MyiTextSharp.cs	content	1	8a01477ea08abf75ce441282ed48aed322a93b541456ed4d3b0efb178a2ca8fc	source compatibility / recovered legacy identity; visible strings remain separately gated
client-src/ZTool/MyiTextSharp.cs	path	1	-	internal compatibility path/resource identity; not user-facing by itself
client-src/ZTool/PictureDispConverter.cs	content	1	8a01477ea08abf75ce441282ed48aed322a93b541456ed4d3b0efb178a2ca8fc	source compatibility / recovered legacy identity; visible strings remain separately gated
client-src/ZTool/PictureDispConverter.cs	path	1	-	internal compatibility path/resource identity; not user-facing by itself
client-src/ZTool/Program.cs	content	2	c9398097cb4630c94b97a43137faea61a6ce0a776d334079684f1503ca07dbd7	source compatibility / recovered legacy identity; visible strings remain separately gated
client-src/ZTool/Program.cs	path	1	-	internal compatibility path/resource identity; not user-facing by itself
client-src/ZTool/RibbonMarkupCommands.cs	content	1	8a01477ea08abf75ce441282ed48aed322a93b541456ed4d3b0efb178a2ca8fc	source compatibility / recovered legacy identity; visible strings remain separately gated
client-src/ZTool/RibbonMarkupCommands.cs	path	1	-	internal compatibility path/resource identity; not user-facing by itself
client-src/ZTool/SR.cs	content	14	40ef0db64242b2164915edbd19807164299d1378c42ca6fe1fe0a62711896df5	source compatibility / recovered legacy identity; visible strings remain separately gated
client-src/ZTool/SR.cs	path	1	-	internal compatibility path/resource identity; not user-facing by itself
client-src/ZTool/SWList.cs	content	1	8a01477ea08abf75ce441282ed48aed322a93b541456ed4d3b0efb178a2ca8fc	source compatibility / recovered legacy identity; visible strings remain separately gated
client-src/ZTool/SWList.cs	path	1	-	internal compatibility path/resource identity; not user-facing by itself
client-src/ZTool/SearchBox.cs	content	2	018ef00f8d56825eae3e3dbddf931837e1b5837bccb2a73ed22a71cea07031e6	source compatibility / recovered legacy identity; visible strings remain separately gated
client-src/ZTool/SearchBox.cs	path	1	-	internal compatibility path/resource identity; not user-facing by itself
client-src/ZTool/SecurityCenter.cs	content	1	8a01477ea08abf75ce441282ed48aed322a93b541456ed4d3b0efb178a2ca8fc	source compatibility / recovered legacy identity; visible strings remain separately gated
client-src/ZTool/SecurityCenter.cs	path	1	-	internal compatibility path/resource identity; not user-facing by itself
client-src/ZTool/ShellIcon.cs	content	1	8a01477ea08abf75ce441282ed48aed322a93b541456ed4d3b0efb178a2ca8fc	source compatibility / recovered legacy identity; visible strings remain separately gated
client-src/ZTool/ShellIcon.cs	path	1	-	internal compatibility path/resource identity; not user-facing by itself
client-src/ZTool/ShortcutHelper.cs	content	1	8a01477ea08abf75ce441282ed48aed322a93b541456ed4d3b0efb178a2ca8fc	source compatibility / recovered legacy identity; visible strings remain separately gated
client-src/ZTool/ShortcutHelper.cs	path	1	-	internal compatibility path/resource identity; not user-facing by itself
client-src/ZTool/SolidWorksMacro.cs	content	1	8a01477ea08abf75ce441282ed48aed322a93b541456ed4d3b0efb178a2ca8fc	source compatibility / recovered legacy identity; visible strings remain separately gated
client-src/ZTool/SolidWorksMacro.cs	path	1	-	internal compatibility path/resource identity; not user-facing by itself
client-src/ZTool/SplitContainerEx.cs	content	1	8a01477ea08abf75ce441282ed48aed322a93b541456ed4d3b0efb178a2ca8fc	source compatibility / recovered legacy identity; visible strings remain separately gated
client-src/ZTool/SplitContainerEx.cs	path	1	-	internal compatibility path/resource identity; not user-facing by itself
client-src/ZTool/TCPClient.cs	content	2	b08a5caf325d4a0c194ea5ef906582eb0d68360f5c9aaf02a9a0f3419d707839	source compatibility / recovered legacy identity; visible strings remain separately gated
client-src/ZTool/TCPClient.cs	path	1	-	internal compatibility path/resource identity; not user-facing by itself
client-src/ZTool/TextBoxWaterMark.cs	content	1	8a01477ea08abf75ce441282ed48aed322a93b541456ed4d3b0efb178a2ca8fc	source compatibility / recovered legacy identity; visible strings remain separately gated
client-src/ZTool/TextBoxWaterMark.cs	path	1	-	internal compatibility path/resource identity; not user-facing by itself
client-src/ZTool/ThumbnailHelper.cs	content	1	8a01477ea08abf75ce441282ed48aed322a93b541456ed4d3b0efb178a2ca8fc	source compatibility / recovered legacy identity; visible strings remain separately gated
client-src/ZTool/ThumbnailHelper.cs	path	1	-	internal compatibility path/resource identity; not user-facing by itself
client-src/ZTool/ToolStripCheckBox.cs	content	1	8a01477ea08abf75ce441282ed48aed322a93b541456ed4d3b0efb178a2ca8fc	source compatibility / recovered legacy identity; visible strings remain separately gated
client-src/ZTool/ToolStripCheckBox.cs	path	1	-	internal compatibility path/resource identity; not user-facing by itself
client-src/ZTool/ToolStripCheckedListBox.cs	content	1	8a01477ea08abf75ce441282ed48aed322a93b541456ed4d3b0efb178a2ca8fc	source compatibility / recovered legacy identity; visible strings remain separately gated
client-src/ZTool/ToolStripCheckedListBox.cs	path	1	-	internal compatibility path/resource identity; not user-facing by itself
client-src/ZTool/Treenode.cs	content	1	8a01477ea08abf75ce441282ed48aed322a93b541456ed4d3b0efb178a2ca8fc	source compatibility / recovered legacy identity; visible strings remain separately gated
client-src/ZTool/Treenode.cs	path	1	-	internal compatibility path/resource identity; not user-facing by itself
client-src/ZTool/VTBinder.cs	content	6	d13732f0fd02f9d53a1a92ad883e099871bb58c658210b712367cacf96ca64c6	source compatibility / recovered legacy identity; visible strings remain separately gated
client-src/ZTool/VTBinder.cs	path	1	-	internal compatibility path/resource identity; not user-facing by itself
client-src/ZTool/Win32Helper.cs	content	1	8a01477ea08abf75ce441282ed48aed322a93b541456ed4d3b0efb178a2ca8fc	source compatibility / recovered legacy identity; visible strings remain separately gated
client-src/ZTool/Win32Helper.cs	path	1	-	internal compatibility path/resource identity; not user-facing by itself
client-src/ZTool/WindowWrapper.cs	content	1	8a01477ea08abf75ce441282ed48aed322a93b541456ed4d3b0efb178a2ca8fc	source compatibility / recovered legacy identity; visible strings remain separately gated
client-src/ZTool/WindowWrapper.cs	path	1	-	internal compatibility path/resource identity; not user-facing by itself
client-src/ZTool/bomsetting.cs	content	1	8a01477ea08abf75ce441282ed48aed322a93b541456ed4d3b0efb178a2ca8fc	source compatibility / recovered legacy identity; visible strings remain separately gated
client-src/ZTool/bomsetting.cs	path	1	-	internal compatibility path/resource identity; not user-facing by itself
client-src/ZTool/box.cs	content	1	8a01477ea08abf75ce441282ed48aed322a93b541456ed4d3b0efb178a2ca8fc	source compatibility / recovered legacy identity; visible strings remain separately gated
client-src/ZTool/box.cs	path	1	-	internal compatibility path/resource identity; not user-facing by itself
client-src/ZTool/boxset.cs	content	2	4143df17f2dd604adbf9eee011423a9e0dc13fdebdc440670cc0ed8fabca21ee	source compatibility / recovered legacy identity; visible strings remain separately gated
client-src/ZTool/boxset.cs	path	1	-	internal compatibility path/resource identity; not user-facing by itself
client-src/ZTool/code.cs	content	9	e5d13dfe28e0cdebc051db388c27d87714546d05160f14aff0af1740dde825e2	source compatibility / recovered legacy identity; visible strings remain separately gated
client-src/ZTool/code.cs	path	1	-	internal compatibility path/resource identity; not user-facing by itself
client-src/ZTool/columnnamemapping.cs	content	1	8a01477ea08abf75ce441282ed48aed322a93b541456ed4d3b0efb178a2ca8fc	source compatibility / recovered legacy identity; visible strings remain separately gated
client-src/ZTool/columnnamemapping.cs	path	1	-	internal compatibility path/resource identity; not user-facing by itself
client-src/ZTool/fillsetting.cs	content	1	8a01477ea08abf75ce441282ed48aed322a93b541456ed4d3b0efb178a2ca8fc	source compatibility / recovered legacy identity; visible strings remain separately gated
client-src/ZTool/fillsetting.cs	path	1	-	internal compatibility path/resource identity; not user-facing by itself
client-src/ZTool/frm_copyswfile.cs	content	3	dc7bf7cbbddce1871c615734b4203c6c1542fdba989c7f81d26391f7a66bf8d4	source compatibility / recovered legacy identity; visible strings remain separately gated
client-src/ZTool/frm_copyswfile.cs	path	1	-	internal compatibility path/resource identity; not user-facing by itself
client-src/ZTool/logopathlist.cs	content	2	a8887e2bf85e2c17515d898c433f017ce13e70d6b533a20a44711d77f337c569	source compatibility / recovered legacy identity; visible strings remain separately gated
client-src/ZTool/logopathlist.cs	path	1	-	internal compatibility path/resource identity; not user-facing by itself
client-src/ZTool/mynpoi.cs	content	1	8a01477ea08abf75ce441282ed48aed322a93b541456ed4d3b0efb178a2ca8fc	source compatibility / recovered legacy identity; visible strings remain separately gated
client-src/ZTool/mynpoi.cs	path	1	-	internal compatibility path/resource identity; not user-facing by itself
client-src/ZTool/toolbox.cs	content	11	a1f39f34d22346d60e90c0c417a881644f52bfd2fdcd8d635fd4750b458c2b4f	source compatibility / recovered legacy identity; visible strings remain separately gated
client-src/ZTool/toolbox.cs	path	1	-	internal compatibility path/resource identity; not user-facing by itself
client-src/build.ps1	content	5	ac99ccd603807c078b2f607fe40c2d08c94e9bd800a3d46d3dafcc175ee21c33	source compatibility / recovered legacy identity; visible strings remain separately gated
docs/DOC_AUDIT_2026-06-14_RU.md	content	12	3b2bb5ce3916d9d3cfc25e683f72b82e2249cff7719308c3a3099a27c06185fd	reviewed internal legacy reference; changes require brand-boundary review
docs/INDEX.md	content	3	527f6bdc40238a24e1486a5fb6e10d239a3c60d4bd94dcfdd4ea6b2eb3b34f97	reviewed internal legacy reference; changes require brand-boundary review
docs/PLAN_BOM_MODES_RU.md	content	6	8d16083a20477a23dc1ccad778ff0bfdbff1e6a54816ed8c6107f72002b5493f	reviewed internal legacy reference; changes require brand-boundary review
docs/architecture/BRAND_BOUNDARY_RU.md	content	12	10b6015d0de3ba9b7d035d5aa6f755541ae70601a4c30a84d9138c18039f563f	architecture contract describes legacy compatibility boundary
docs/archive/legacy-test-methods/МЕТОДИКА_ДАМПА_DLL.md	content	14	fed649547789a9e924c79290f3ea5a23bd56da383b097b10d9c723eecf1adc51	historical audit or test evidence; not production-facing release UI
docs/archive/legacy-test-methods/МЕТОДИКА_ПРОВЕРКИ.md	content	28	325fd877369bab1bca69796c06cb058aeb7d21d5bec13da2e019a11cf81f8a4b	historical audit or test evidence; not production-facing release UI
docs/archive/legacy-test-methods/МЕТОДИКА_ТЕСТА_DLL.md	content	22	20c27fdddd8d76b6823855bad918da99b7b39ee57ab9b73a58bb7cf2accac604	historical audit or test evidence; not production-facing release UI
docs/archive/legacy-test-methods/МЕТОДИКА_ТЕСТА_ПРИЛОЖЕНИЯ.md	content	41	675e370a5880b595a184b562491b8173f39f55124a5b38e20cf031dc7f278bf5	historical audit or test evidence; not production-facing release UI
docs/archive/legacy-test-methods/МЕТОДИКА_ТЕСТИРОВАНИЯ_BOM.md	content	26	cc83c3a09a4448b25211153e268317fd501c0dc7e417f6efe2a65cb2366ec8f1	historical audit or test evidence; not production-facing release UI
docs/audit/BINARY_PROVENANCE_RU.md	content	1	c15031eca565e1391772a00b80557dd1e782254aceea2f6c350236d924cf3524	historical audit or test evidence; not production-facing release UI
docs/audit/CLIENT_SRC_WARNING_BASELINE_RU.md	content	129	0fc16728dc0bd1c8f224784f34190e36a198e1cbedbb4243da2007cc6b7e8f18	historical audit or test evidence; not production-facing release UI
docs/audit/CODEBASE_AUDIT_2026-06-16_RU.md	content	23	bb755b40a354228489537511c526ddde4aa49b3e7b7bf187185247e6b62f4060	historical audit or test evidence; not production-facing release UI
docs/audit/DEEP_AUDIT_ADDENDUM_RU.md	content	1	a519964230d383f9c6e255faea803971b50e55cb2cf2d0c173cd1b1b3b997e59	historical audit or test evidence; not production-facing release UI
docs/audit/REFACTORING_PLAN_2026-06-16_RU.md	content	92	41d36f484ae476f61ed36998cd4968d5fa4ef0b308d5471559d16dea81810365	historical audit or test evidence; not production-facing release UI
docs/audit/SOURCE_NATIVE_MIGRATION_STATUS_RU.md	content	10	a1f5e73c466013f3ed6029ca7180109f72526f8e6f4c27d9a9b3709f3e9d46dc	historical audit or test evidence; not production-facing release UI
docs/audit/current-state-audit-2026-06-17_RU.md	content	44	5cf2d89b69b1420d0c1b811e37c176635bd29741c1bed25430db0f9a2c27ec03	historical audit or test evidence; not production-facing release UI
docs/audit/from-source-boevoy-acceptance-report_2026-06-21_RU.md	content	7	9fcdfddc4577159ae3e859c9cf00837e2b4635170b79fa1aef9aab220a02bf19	historical audit or test evidence; not production-facing release UI
docs/audit/from-source-build-audit-2026-06-22_RU.md	content	16	820a2cae39c1d978e53c91a83627f620e2491449b3f4999d710d54340b391e4a	historical audit or test evidence; not production-facing release UI
docs/audit/from-source-phase-2-licensing-implementation-report_RU.md	content	10	80f029594823dde7db185d7a3aae9ddc0a1d0504664ccd2feb6fcb5505f1a684	historical audit or test evidence; not production-facing release UI
docs/audit/from-source-phase-3b-acceptance-TZ_RU.md	content	11	0f764a5f2bb53072607c4a1dd92f91566a352ac0e5c8a273fd51e2b4d3be099c	historical audit or test evidence; not production-facing release UI
docs/audit/from-source-phase-3b-rebrand-localization-implementation-report_RU.md	content	11	c6477f6e75d19b0e3fdc33810ae16612adbe0f515955798d95a2ee812a784979	historical audit or test evidence; not production-facing release UI
docs/audit/from-source-roadmap_RU.md	content	7	396f5b50cb7be1a9ce8c4c7e70769793b4d131bde42cdea578ceb963bd0b3f7b	historical audit or test evidence; not production-facing release UI
docs/audit/phase-00-baseline-implementation-report.md	content	2	2ff4bcee60f622cb86b78aaa66f1029dfbfb6b719322ffa67052e88d1d22a8ea	historical audit or test evidence; not production-facing release UI
docs/audit/phase-02-protocol-hardening-implementation-report.md	content	5	3de40d3f7b65a0f5ba6360866899067791128cec1a9a957e3711fa43fa40b312	historical audit or test evidence; not production-facing release UI
docs/audit/phase-07-localization-hardening-implementation-report.md	content	3	27ea53767e10540a82fba0203bc7d8424e442a51580c697c73d8dccd9697829b	historical audit or test evidence; not production-facing release UI
docs/audit/phase-08-client-core-reinjector-hardening-implementation-report.md	content	9	d2fb17997a1e2d621c3bb9e4c900f0225e328adb73b7c2d7fef42508a3a5c644	historical audit or test evidence; not production-facing release UI
docs/audit/phase-10-release-packaging-implementation-report.md	content	25	531aaa9d1fa0d42a4c998707eaf8208c81f4b13a91cdb802982a2f3ad394fea2	historical audit or test evidence; not production-facing release UI
docs/audit/phase-11-bom-export-acceptance-TZ_RU.md	content	9	7bb46b4d0a5e7919f737eb1f4237afc6aba11bbca44a672dfb288af4abedc3b8	historical audit or test evidence; not production-facing release UI
docs/audit/phase-11-bom-russification-implementation-report.md	content	1	fefe1883f1e0888d76070110727ab318841906c9398da2e763e3f2be647d4176	historical audit or test evidence; not production-facing release UI
docs/audit/phaseD-addin-live-test-2026-06-22_RU.md	content	12	2dd834bcd5bf5154ebc6d409a29e566ea73431d46a7a01971a4c53174e7d4b98	historical audit or test evidence; not production-facing release UI
docs/audit/refactor-production-readiness-gap-audit-2026-06-16_RU.md	content	14	9edee53292b83742895d12c92ef65e57bb4e25b3b492e3a9c1e543fdb4aad4fc	historical audit or test evidence; not production-facing release UI
docs/audit/source-recovery-roadmap_RU.md	content	6	12b7699e49b07052d3f9f556bad7520f127165eb3cd84208300cc4c7918b2f89	historical audit or test evidence; not production-facing release UI
docs/audit/swtools-live-activation-report_2026-06-22_RU.md	content	1	945ac55c2e04370db43dfd48dada60b2690765bb95f65fc5d3d1888785c6695f	historical audit or test evidence; not production-facing release UI
docs/client-core/BINARY_BUILD_POLICY_RU.md	content	10	24afec39f4d40e997d5de7449cb8c4c4d49b0816892639838939452ec26d14ce	reviewed internal legacy reference; changes require brand-boundary review
docs/compliance/LEGAL_APPROVAL_STATUS_RU.md	content	4	c316dc1788e96f4cba2699ff40d4983c828566f9da7ddd6e609b5dce84d827ec	compliance/provenance attestation references legacy lineage
docs/compliance/LEGAL_APPROVAL_TEMPLATE_RU.md	content	1	c6250e8b403fbf0b7c232af5927cf74b3fe78126acaccd1dc5d35bd5bc0ec544	compliance/provenance attestation references legacy lineage
docs/compliance/THIRD_PARTY_INVENTORY_RU.md	content	8	b772fbc75a24decf9b23b4c427e2bc4cea704eaa8a8984df64d857f7269b20fa	compliance/provenance attestation references legacy lineage
docs/compliance/THIRD_PARTY_NOTICES_RU.md	content	2	69923d00f34006b7b46cd43e8f9f10bd019dcd8b6e33ca6582e3d32f7cef9885	compliance/provenance attestation references legacy lineage
docs/compliance/third_party_inventory.json	content	9	fa5bd3f4b67a30695747a38afb81a5ea1adb74955d444cf7f559141a041e25aa	compliance/provenance attestation references legacy lineage
docs/legal/README.md	content	2	8608ee45c9c4da07ff69f559e03679af8f8cf601ef274d95c2ea72db4c2c5b62	reviewed internal legacy reference; changes require brand-boundary review
docs/localization/CURRENT_STATUS_RU.md	content	1	40affb8c65db220771db1eb4c2768a06fb441a4778b928aa3d98edb5c88133d7	reviewed internal legacy reference; changes require brand-boundary review
docs/localization/HELP_ENTRY_VISUAL_SURFACES_H01_H03.json	content	1	8eff43d37aa3bedd2b2f24a4aeb66c2153dbdcc66908fac8b46b6ae1adf9a59c	reviewed internal legacy reference; changes require brand-boundary review
docs/localization/HELP_RU_ACCEPTANCE_RU.md	content	3	4f94039210062517f0a3b15b8de41b1d6ea078db457aeea89aa03e61c503fbf2	reviewed internal legacy reference; changes require brand-boundary review
docs/localization/LOCALIZATION_PROCESS_RU.md	content	4	79236e6023585633f8e02cb03a832495c5bc4b51e20545a8f18dc9728683cc4c	reviewed internal legacy reference; changes require brand-boundary review
docs/localization/UI_SCREENSHOT_CHECKLIST_RU.md	content	3	3144bcb78c19a4076dc2d885a108617fb7dce028fef40de5c7b1b0400591b4bc	reviewed internal legacy reference; changes require brand-boundary review
docs/localization/VISUAL_LOCALIZATION_CAPTURE_RU.md	content	2	540966f5eb76d7e1d404a15083eac84fc9e82fa68d92dde3ab8d5ee9cd73f6b6	reviewed internal legacy reference; changes require brand-boundary review
docs/localization/VISUAL_LOCALIZATION_OPENERS_L01_L15.json	content	1	dde51000d46a2891f83a676ed8ebaf8823d8dd6c39b858537918fef18f990cc2	reviewed internal legacy reference; changes require brand-boundary review
docs/localization/VISUAL_LOCALIZATION_SURFACES_L01_L15.json	content	3	110f82d79da3c78aa318c7174a4cf4a4c9806cd360eeb07f520afbcd1ffec439	reviewed internal legacy reference; changes require brand-boundary review
docs/production/LOCAL_ARTIFACTS_POLICY_RU.md	content	6	2822a5c5e797f9a9e4625a146666ba0868fbec416ad0c6a421fe784b598eb56e	reviewed internal legacy reference; changes require brand-boundary review
docs/production/P4_REFACTORING_EXECUTOR_PLAN_2026-06-25_RU.md	content	5	5beb0c5c8e0f2ef3eed1e16e1a73a645f71766029920c0ad26afe6230ec63422	reviewed internal legacy reference; changes require brand-boundary review
docs/production/PRODUCTION_HARDENING_PLAN_RU.md	content	35	9ba965b05b8e356662d056288c3be3385fdd7d70e4923e7f1c4713710a82ba22	reviewed internal legacy reference; changes require brand-boundary review
docs/production/RELEASE_BASELINE_RU.md	content	8	13d929b8be5faa8101921f6de8cafd298ecccc5080385e8c70c598ca4f3615a0	reviewed internal legacy reference; changes require brand-boundary review
docs/production/RISK_REGISTER_RU.md	content	2	d97f886af4965c10e994dbdfb555b0579a1e865e8305f07796b0099a1962a8f4	reviewed internal legacy reference; changes require brand-boundary review
docs/production/ZTOOL_P4_PERFECTION_PLAN_RU.md	content	4	f27b811745788036506411542badab62990471cf3f2d59cf3690dfeabd4f7c1b	reviewed internal legacy reference; changes require brand-boundary review
docs/production/p4-evidence/00-baseline.md	content	2	50a26cf396abdecba33aa90bc59673d617752dfb90a0434b813d8e235eb8809e	reviewed internal legacy reference; changes require brand-boundary review
docs/production/p4-evidence/01-compliance-provenance-report.md	content	1	2ad82d3ffae44eae6d20a0a4fdae3e37a5c822d50ecf1ed84a8bb92b3b5dfcf6	reviewed internal legacy reference; changes require brand-boundary review
docs/production/p4-evidence/03-ci-release-hardening-report.md	content	2	853f1d8f75757b687947654ed1515fa7a109336256340a501f906383b05b64c7	reviewed internal legacy reference; changes require brand-boundary review
docs/release/BOEVOY_E2E_TEST_RUNBOOK_RU.md	content	7	be857986c0cd6ecc60983ec2081a74aec57f04559651e2e5cd2f64b4350e8fc3	reviewed internal legacy reference; changes require brand-boundary review
docs/release/EXECUTOR_RELEASE_BRIEF_RU.md	content	15	b182d51bd083f7133f82a0daa1befb70ccd1a56beda67a289c44054ddeb98899	reviewed internal legacy reference; changes require brand-boundary review
docs/release/EXECUTOR_TEST_TASKING_RU.md	content	8	45908025ab8e82f13d1efcce3b28c97fe95d5c78419f97c8e374d7dbc2cadf94	reviewed internal legacy reference; changes require brand-boundary review
docs/release/FINAL_ACCEPTANCE_TEST_PLAN_RU.md	content	9	06985966bda180aa7c34cfd27c56ca9b89050f2317851e0a5e69bd6a958efe45	reviewed internal legacy reference; changes require brand-boundary review
docs/release/FULL_TEST_METHODOLOGY_RU.md	content	110	036c5e19a82abde5e6ee856be2f348adffee7f3fa1c31ef98bc13799a3e266da	reviewed internal legacy reference; changes require brand-boundary review
docs/release/MANUAL_SCREENSHOTS_CHECKLIST_RU.md	content	19	a38077a3f1b83740c295f9422e356dae6cee77077b8dfb92d52239e3e013cbf9	reviewed internal legacy reference; changes require brand-boundary review
docs/release/PRODUCTION_READINESS_REPORT_RU.md	content	6	15840722a954b4212cfd63686dc98d89ee5d760ca89c3b3fa855da67677d35ce	reviewed internal legacy reference; changes require brand-boundary review
docs/release/SWTOOLS_1_1_5_ACCEPTANCE_REPORT_RU.md	content	1	35e1ee8284be827f394ca6548a9d83d80fb5d6c8f7c76a4af9fbffd3ee6ace68	reviewed internal legacy reference; changes require brand-boundary review
docs/release/SWTOOLS_1_1_6_ACCEPTANCE_REPORT_RU.md	content	3	16c11d8ef367ddf311801b1b46ca2ece5ac5ae650b7de745333dfb1f987e76e7	reviewed internal legacy reference; changes require brand-boundary review
docs/release/SWTools_PREMERGE_TEST_RU.md	content	14	e0f663869184f929987da07f915e75ff1a3e75fcac21a996d50bf8967c08025c	reviewed internal legacy reference; changes require brand-boundary review
docs/security/BINARYFORMATTER_CONTAINMENT_RU.md	content	6	0643b175fc74eb056297262d96b465295c983624c4a5f541e95a562a279766a7	reviewed internal legacy reference; changes require brand-boundary review
docs/security/KEY_COMPROMISE_RUNBOOK_RU.md	content	2	62f1b47dbf0541ec82c0f5b22b74bd8457b119fa6ec3364bb37831fb5103bcd7	reviewed internal legacy reference; changes require brand-boundary review
docs/security/LEGACY_CRYPTO_RISK_ACCEPTANCE_RU.md	content	1	30c4fcac06c25a691548ee0683ba373075093e1be0de313b680fe9a69768da6b	reviewed internal legacy reference; changes require brand-boundary review
docs/security/THREAT_MODEL_RU.md	content	3	e6c1295c1d412b5f133080ab780aeee022958f002cf62690afa97e2399a7010e	reviewed internal legacy reference; changes require brand-boundary review
docs/testing/E2E_AUTOMATION_AND_DEV_ENV_PLAN_RU.md	content	7	08975458a69284fd3a0e0d65becc446720f17b6189a579569acf74a715cb6bf1	reviewed internal legacy reference; changes require brand-boundary review
docs/testing/E2E_BRANDING_VERSION_AUTOMATION_RU.md	content	1	98b9b2b4503a37b9ae6056317e50262df47ac7dc4a1819e56807f5cd777fa987	reviewed internal legacy reference; changes require brand-boundary review
docs/testing/E2E_S7_AUTOMATION_RU.md	content	1	fc28dee745a2e4c167e5124d75fe51d6c448b7b3f1573998a6d431c4be434ae7	reviewed internal legacy reference; changes require brand-boundary review
docs/testing/E2E_S7_MODEL_READY_RU.md	content	1	e6ccac61e8b3caa4cf3de5e395f35875544dc51b638d8d357edd410601889475	reviewed internal legacy reference; changes require brand-boundary review
dumps/candidate-ru-20260609/README.txt	content	15	d2d66b38a63aec44812dd1aca0c81c7c054fb939b5cbe1c539f7f73ee2c283ba	historical audit or test evidence; not production-facing release UI
dumps/candidate-ru-20260609/ZTool_ru_candidate1.dll	path	1	-	internal compatibility path/resource identity; not user-facing by itself
dumps/candidate-ru-20260609/ZTool_ru_candidate2.dll	path	1	-	internal compatibility path/resource identity; not user-facing by itself
dumps/candidate-ru-20260609/ZTool_ru_candidate2_pmpguard.dll	path	1	-	internal compatibility path/resource identity; not user-facing by itself
dumps/candidate-ru-20260609/ZTool_ru_candidate2_pmpguard2.dll	path	1	-	internal compatibility path/resource identity; not user-facing by itself
dumps/full-memory-20260609-081854/README.txt	content	6	dbe7e51786d2c428f00464a6bbe8ec7a4220594215d194d69c8257b56cf70401	historical audit or test evidence; not production-facing release UI
dumps/manual-test-20260609-081854/DUMP_REPORT.txt	content	6	71052ec24cb2e0b3863bdf750c41911e27648257022146addd6a1fdfc2cf3d7f	historical audit or test evidence; not production-facing release UI
dumps/manual-test-20260609-081854/ZTool_dumped.dll	path	1	-	internal compatibility path/resource identity; not user-facing by itself
license-server/README.md	content	2	44d4a26342f38f531f3419432974f59380a652d4a4fc6114b507198c4c377f68	reviewed internal legacy reference; changes require brand-boundary review
license-server/swtools_license_server/crypto/aes_security_center.py	content	1	34fc634b99e73358e451185eb9774493993ba77de161a15c5209c930f9bd2970	reviewed internal legacy reference; changes require brand-boundary review
license-server/swtools_license_server/crypto/rsa_swtools.py	content	2	fe2efe8577cd271c824b2e576ee8a2d504d414b3474b73d1e005ad6abc84d15f	reviewed internal legacy reference; changes require brand-boundary review
license-server/swtools_license_server/protocol/framing.py	content	1	932ff5b011cee9ee30710025a7033c461a86536a420521ba826e50a97a0fce65	reviewed internal legacy reference; changes require brand-boundary review
license-server/swtools_license_server/server.py	content	1	1aabc3f83638e41d44aa5ec44dd3726ceaacaa1a1d71a81c5e369cc962efba19	reviewed internal legacy reference; changes require brand-boundary review
manual-test-reports/2026-06-21-boevoy-from-source/01-dotnet-build-client-src.log	content	3	fd16ecd6ac1ff5f930d24555563607094a48d670ea428a45bd460b4e01dc6bea	historical audit or test evidence; not production-facing release UI
manual-test-reports/2026-06-21-boevoy-from-source/03-source-string-client-src.log	content	26	f012d776298f03b384fea956b883894a2b88179e8bc3912e013e0f368811cea5	historical audit or test evidence; not production-facing release UI
manual-test-reports/2026-06-21-boevoy-from-source/10-sw-test-preflight-register.log	content	7	acc4612467d8ec8e3d02482f8c050c349e4416b5e803f6e0110d3b0829156e5c	historical audit or test evidence; not production-facing release UI
manual-test-reports/2026-06-21-boevoy-from-source/11-sw-test-preflight-source-bin-register.log	content	8	5d1cbd4c56f90b158fd0419cd2b736ff44ff174cdf5d3978d8132a59fc4ed731	historical audit or test evidence; not production-facing release UI
manual-test-reports/2026-06-21-boevoy-from-source/SW-live-typed-helper.log	content	1	e065ff6f937a534b2cb33725c439773fffa72044dcef5cb4415d197ff295c781	historical audit or test evidence; not production-facing release UI
manual-test-reports/2026-06-21-boevoy-from-source/gates-summary.json	content	1	19dd845ced2590a16f57571af327e6707740f2ecf6f725529ac4f79da0f89eee	historical audit or test evidence; not production-facing release UI
manual-test-reports/2026-06-21-boevoy-from-source/preflight-live-from-source/preflight-report.json	content	1	52b5d7950e6c0e54d7d5d77ae210a0026b170e813211d4e5e2d554bf6cba9cbb	historical audit or test evidence; not production-facing release UI
manual-test-reports/2026-06-21-boevoy-from-source/preflight-live-source-bin-with-addin/preflight-report.json	content	1	52b5d7950e6c0e54d7d5d77ae210a0026b170e813211d4e5e2d554bf6cba9cbb	historical audit or test evidence; not production-facing release UI
manual-test-reports/2026-06-21-boevoy-from-source/stage1-reg-after-clean-redacted.txt	content	1	46a5a7949de64406845edd767c2981a33060d9051e343567ae17e1a35b695490	historical audit or test evidence; not production-facing release UI
manual-test-reports/2026-06-21-boevoy-from-source/stage1-reg-after-standalone-redacted.txt	content	2	182279c167d1b6798812fde9f80f5abb040019ea0052716f022e44cf247dd9c7	historical audit or test evidence; not production-facing release UI
manual-test-reports/2026-06-21-boevoy-from-source/stage1-reg-before-redacted.txt	content	6	2c5c9d72ca902a32b6e9b5f1083f89daeb5235339b203267ff6b2e3867fca017	historical audit or test evidence; not production-facing release UI
manual-test-reports/2026-06-22-swtools-live-ui-activation/gates-summary.json	content	1	a46405338641fb2665a5f91137f2594c0c7a94abcd817593dcb4e2149bf5effd	historical audit or test evidence; not production-facing release UI
manual-test-reports/2026-06-22-swtools-live-ui-activation/preflight-report.json	content	1	52b5d7950e6c0e54d7d5d77ae210a0026b170e813211d4e5e2d554bf6cba9cbb	historical audit or test evidence; not production-facing release UI
manual-test-reports/BOM_CALCULATED_EXPORT_20260619/README.md	content	6	6df9bb854968240afbe3ed9d0900b54766b612e8a58039cc98c857af77444960	historical audit or test evidence; not production-facing release UI
manual-test-reports/BOM_CALCULATED_EXPORT_20260619/check-bom-template-after-fix.txt	content	3	c1f381ff8e52f8b488d5f8efd78f409e4f096ad7a59c95595c244ffb18151b00	historical audit or test evidence; not production-facing release UI
manual-test-reports/BOM_CALCULATED_EXPORT_20260619/export-after-fix-save-result.json	content	1	1eb533924ce810bbf0cce3ca518c07c7c9f59293b6ea2f10cccecafb9383b6ad	historical audit or test evidence; not production-facing release UI
manual-test-reports/BOM_CALCULATED_EXPORT_20260619/preflight-report.json	content	97	704707c99fb061170dc48e6db4e0976201b7238c2f1ee93006062cebf703cfd7	historical audit or test evidence; not production-facing release UI
manual-test-reports/BOM_CALCULATED_EXPORT_20260619/solidworks-com-probe.json	content	2	d76f919277046d1d709c8893ff0124a159345f14d0a18d8f6d9d678f1fa88579	historical audit or test evidence; not production-facing release UI
manual-test-reports/BOM_CALCULATED_EXPORT_20260619/solidworks-com-reopen-after-fix.json	content	1	890e95587f2a19d27e139ccfd47c0a30aaea2528a15fabfd358be9bb3c261cc9	historical audit or test evidence; not production-facing release UI
manual-test-reports/FRMFILLING_LAYOUT_20260619/README.md	content	2	c83bae025f4a75a86c2bf628a14fc67d8892be05e64ceb8f4033562b69421659	historical audit or test evidence; not production-facing release UI
manual-test-reports/FULL_TEST_20260617-methodology-final/README.md	content	15	c6983fb6dba3f68346409e4f036e2b110c31f01cbf35d4e0e131258dc79892b3	historical audit or test evidence; not production-facing release UI
manual-test-reports/MANUAL_CLEAN_INSTALL_ACTIVATION_PREP_20260617_RU.md	content	22	66ddedfc668abd4c33bba22675ff65b9f7919ef603ffbb320ab2a4c1e3325ecd	historical audit or test evidence; not production-facing release UI
manual-test-reports/MANUAL_SCREENSHOTS_DRAFT_20260618/FIXES_FOR_EXECUTOR_RU.md	content	1	c35df2ec204a0fe0a06f5ba7eb7062dd281568f03a91fdc9f4ac16f33b0f98a4	historical audit or test evidence; not production-facing release UI
manual-test-reports/MANUAL_SCREENSHOTS_DRAFT_20260618/README.md	content	2	62869d0ad4988dc26e5aa22a8a820abba1d123a7fbe1f8870a378197ab36b745	historical audit or test evidence; not production-facing release UI
manual-test-reports/MANUAL_SCREENSHOTS_DRAFT_20260618/SCREENSHOTS_CAPTURE_STATUS_RU.md	content	1	548055554b2da91eeb2f8489751b37a54c2d0c6a0042df6153c6e24c8252d1bc	historical audit or test evidence; not production-facing release UI
manual-test-reports/MANUAL_SCREENSHOTS_DRAFT_20260618/ru-normalization-log.json	content	3	876ec8b3fc5cd85177c9c30bd321fb60469fbed73442d658ce141b3fa8f6b6d7	historical audit or test evidence; not production-facing release UI
manual-test-reports/PR8_BOM_LIVE_TEST_20260612.md	content	177	387e65023774288223f0cdf3b63258b3c5a214462bc1259a2ff84a3540aaccb2	historical audit or test evidence; not production-facing release UI
manual-test-reports/SUMMARY.md	content	35	4beabb7cad350ace88fe626ff676d8ca5d9cffde2367d082c1b2963334ccac21	historical audit or test evidence; not production-facing release UI
manual-test-reports/bom-parity-live-20260623/DETAILED_TEST_FIX_REPORT_RU.md	content	9	30003d98e26ed715b25df3662ed6ac89031c09a268a1a82641ad2e492e824aa4	historical audit or test evidence; not production-facing release UI
manual-test-reports/bom-parity-live-20260623/REPORT_RU.md	content	1	7ece4c3097a4ff9a9d5fea24e45ce6ad087faad7baf607bb6e08ccbdea8a9cbf	historical audit or test evidence; not production-facing release UI
manual-test-reports/brand-boundary-gate-20260625/REPORT_RU.md	content	1	0e548d1433311fa7e0a841220e74b4bc0c8dff11c201c30fdda4ec0ba34bc2f6	historical audit or test evidence; not production-facing release UI
manual-test-reports/e2e-s7-model-ready-20260625/REPORT_RU.md	content	1	d39e74603c1bd993e560d6844f4534c700d011c6dcf5c3faf217409d4211b9ae	historical audit or test evidence; not production-facing release UI
manual-test-reports/help-branding-20260625/REPORT_RU.md	content	4	026928671fe8b9af40958332913488177fe1aa18f08b09c15c37f9b2af311a31	historical audit or test evidence; not production-facing release UI
manual-test-reports/help-entry-routes-20260625/REPORT_RU.md	content	4	b101abd0688f42aaf2106c80a730c7dae7935025ca71c1b9834e7c2be680fd49	historical audit or test evidence; not production-facing release UI
manual-test-reports/help-entry-visual-20260625/REPORT_RU.md	content	1	15c9013b4ae71d1373619165fd88ca041c3492731e7f4160f8a60280fccd2691	historical audit or test evidence; not production-facing release UI
manual-test-reports/localization-visual-capture-20260625/REPORT_RU.md	content	19	54ca23b5591af6791f97f5419f2d586e7606f7b302e26cf72ba599a9632c9c09	historical audit or test evidence; not production-facing release UI
manual-test-reports/source-pipeline-20260624/REPORT_RU.md	content	10	bcd2777caa2a03830e12e2d3afa17bfec003b1b444bd22310aa860c32236b0c7	historical audit or test evidence; not production-facing release UI
manual-test-reports/visual-opener-runner-20260625/REPORT_RU.md	content	1	05ccde770b6d23dd4d2cf85c3110b9a398e69c08efee2166bcecabac394905f8	historical audit or test evidence; not production-facing release UI
scripts/build_client_installer.ps1	content	2	92421135781b4ddd74b04c2e255ebcafe0c24b8e14ccac2866ee5403b0222d81	automation/test code references legacy compatibility name
scripts/build_release_package.ps1	content	2	0c8773ff297731693c5d2097b6c9c10c5ad8a600e9ea0047087a55848c20ef6e	automation/test code references legacy compatibility name
scripts/check_binaryformatter_surface.ps1	content	6	ba09a5c4893bab319d94bdfab7a217f994cbc5e7385cf5f2a9f0b86f6a1c2a04	automation/test code references legacy compatibility name
scripts/check_client_src_warnings.ps1	content	2	312f6d1de2a46c23fba8fa84768bd8e99f885c3f56e445a597e20117abba1039	automation/test code references legacy compatibility name
scripts/check_expected_release_hashes.ps1	content	1	0a19450c14e47f70aacb3f296a3fcd5c9d67f77f5409ba15a9d7128f46d5fa21	automation/test code references legacy compatibility name
scripts/check_release_source_guards.ps1	content	11	030fabe17f1db7132236fd740b2934ad35f0ef5c267b2668dfa02896cc31c074	automation/test code references legacy compatibility name
scripts/clean_swtools_commandmanager_tabs.ps1	content	7	31112bae8b18998624d56c97eb4bfa9f8018e93540876a658cffb38134619ddd	automation/test code references legacy compatibility name
scripts/generate_binary_provenance.ps1	content	1	33e8cbd5c3dc4d3c2aee3029fbce6f420b1df84167d57bbfdddfadace3d74eff	automation/test code references legacy compatibility name
scripts/resolve_release_inputs.ps1	content	2	7f2606bce5925adb542ef12bfd676672dcbd3b22c47feb127139e19ebe6f849d	automation/test code references legacy compatibility name
scripts/sw_test_preflight.ps1	content	3	f9d1a63b63084b80d28adafa2048afab3e15861bfd552dab0d955a13928817b4	automation/test code references legacy compatibility name
scripts/swtools_branding_version_live.py	content	1	39df56904a53c8d4f903bb7db3e95cad9cc39257ae9ce364a07999b58e67e7ba	automation/test code references legacy compatibility name
scripts/swtools_mapping_dialog_smoke.py	content	2	54b435c11d114aab68489c9078f22cd3add28dc6884b6311dd12a3113d76b9fc	automation/test code references legacy compatibility name
scripts/swtools_s7_live_smoke.py	content	5	011ea1f6a8e4bc2b1cc7ed087a51bd96c4862ab863c0353f1b0a64cafcb23247	automation/test code references legacy compatibility name
scripts/verify_release_package.ps1	content	5	2bbfd3ac2c48a37772b3f1d0d5df1e99aea8c6367195cd71f00db6266da9247b	automation/test code references legacy compatibility name
tools/bom_export_assert.py	content	1	0d361b94c57e5cc0c75b7a7171e46918c672115cd8211afcae14ea3671a8c3b7	automation/test code references legacy compatibility name
tools/check_ipc_handshake_parity.py	content	8	91b6e4311ccf6df234437d21fc69056795613af63a48e3502441202cefe44af3	automation/test code references legacy compatibility name
tools/check_source_string_invariants.py	content	6	3148dce3578a7eba9d3d2f6ad52d5212a321ed56001435851730b3b6b7f952e4	automation/test code references legacy compatibility name
tools/check_visible_brand_boundary.py	content	11	4a07afb479ad4bc052e9c73bed119bf45054e5d564f4d27df2de1128dc6dcd6e	automation/test code references legacy compatibility name
tools/chm-i18n/README.md	content	2	9957288d78f02b7ae19fbf7e3e3616bf34e57f8a86cb81e574365562b37cc607	automation/test code references legacy compatibility name
tools/chm-i18n/build_ru.py	content	1	a1ebe75af3cf83a41984fb6bb59493521862a755858344ed53438c91caf14bdc	automation/test code references legacy compatibility name
tools/chm-i18n/check_chm_brand.py	content	1	e8431d89150a22f0b4bf05f8c9ed7d072e6cca9de2bcad0539bbfed2ab45ba42	automation/test code references legacy compatibility name
tools/chm-i18n/check_help_entry_routes.py	content	9	0760fddc676caa3743d9b9e0e6b685a6ffdaa0b3ccb702cd0427e66a51b500a2	automation/test code references legacy compatibility name
tools/e2e/assert_e2e_result.py	content	1	7d65a6044f2deccbd6901b87d43488b1e1b31174048eea919812a1a635273f0e	automation/test code references legacy compatibility name
tools/e2e/check_visual_surface_profile.py	content	4	d15d525bda7efd3f2ef79d9b16824c6a8b7cd4d650b12b690787ec4aaf7ee461	automation/test code references legacy compatibility name
tools/e2e/selftest_assert_visual_localization_manifest.py	content	2	7b2f6a135fa16447e36bcd3ef99729aa48666acdbb7a1109e5381eb9e08e33de	automation/test code references legacy compatibility name
tools/golden/README.md	content	2	864a10005ead06edddbce9fcf66e11aeb7e7397118d288759a3dd88561b978e2	automation/test code references legacy compatibility name
tools/string_invariants/README.md	content	1	3330b5a821d81379d399fb41ca9ed09b88b0f42ade2ca04d310b3ce40e669354	automation/test code references legacy compatibility name
tools/string_invariants/source_allowed_han.tsv	content	2	25f64e4497cd8e4a981dc2d41311ee5b139bb1d9432f6186de22c17c182e7f70	automation/test code references legacy compatibility name
ЗАДАНИЕ_И_МЕТОДИКА_АУДИТА.md	content	42	eabb21970e3d3872ef8e42eb621090bd54c52f3ba4ff930d7499a1be8cf65af6	reviewed internal legacy reference; changes require brand-boundary review
Шаблоны спецификации/README.md	content	8	9a90e7faef8482b927e7f536af23917a500035a5c7b39785690b6d7f41e2dcae	reviewed internal legacy reference; changes require brand-boundary review
